{
  "time": [
    0.0,
    3.3000000000000007,
    8.833333333333332,
    15.616666666666667,
    20.0,
    22.85,
    26.75,
    30.0,
    33.36666666666667,
    36.1,
    36.266666666666666,
    43.6,
    58.25,
    59.516666666666666,
    60.0
  ],
  "total_score": [
    0,
    7,
    14,
    17,
    20,
    27,
    30,
    33,
    40,
    47,
    54,
    57,
    64,
    71,
    71
  ],
  "raw_prediction": [
    null,
    127.27272727272724,
    95.09433962264153,
    65.31483457844183,
    60.0,
    70.89715536105032,
    67.28971962616822,
    66.0,
    71.92807192807193,
    78.1163434903047,
    89.33823529411765,
    78.44036697247707,
    65.92274678111588,
    71.57658919070289,
    71
  ],
  "sentiment_prediction": [
    null,
    106.21558797042609,
    99.1490566037736,
    67.73057630736392,
    62.0,
    73.09201312910284,
    69.15420560747664,
    61.40993633872526,
    73.52447552447552,
    79.67216066481994,
    84.44028402187959,
    79.51238532110091,
    65.60881380840478,
    71.52626327934479,
    71
  ],
  "raw_error": [
    null,
    56.27272727272724,
    24.094339622641527,
    -5.6851654215581675,
    -11.0,
    -0.10284463894967644,
    -3.710280373831779,
    -5.0,
    0.9280719280719296,
    7.1163434903047005,
    18.338235294117652,
    7.440366972477065,
    -5.077253218884124,
    0.5765891907028902,
    0
  ],
  "sentiment_error": [
    null,
    35.215587970426085,
    28.1490566037736,
    -3.2694236926360816,
    -9.0,
    2.0920131291028383,
    -1.8457943925233593,
    -9.59006366127474,
    2.5244755244755197,
    8.672160664819941,
    13.440284021879592,
    8.512385321100908,
    -5.391186191595224,
    0.5262632793447892,
    0
  ]
}