{
  "time": [
    0.0,
    5.833333333333334,
    13.333333333333334,
    24.85,
    29.783333333333335,
    38.96666666666667,
    44.03333333333333,
    48.86666666666667,
    54.93333333333334,
    60.0
  ],
  "total_score": [
    0,
    7,
    10,
    17,
    24,
    27,
    30,
    37,
    43,
    43
  ],
  "raw_prediction": [
    null,
    72.0,
    45.0,
    41.04627766599597,
    48.349188584219355,
    41.57399486740804,
    40.8781226343679,
    45.429740791268756,
    46.96601941747573,
    43
  ],
  "sentiment_prediction": [
    null,
    75.25,
    38.27738510869091,
    42.03275579966112,
    44.01130248170688,
    42.30269461077844,
    39.16069790619285,
    45.851227830832194,
    46.56065416656256,
    43
  ],
  "raw_error": [
    null,
    29.0,
    2.0,
    -1.953722334004027,
    5.349188584219355,
    -1.4260051325919605,
    -2.121877365632102,
    2.429740791268756,
    3.966019417475728,
    0
  ],
  "sentiment_error": [
    null,
    32.25,
    -4.722614891309092,
    -0.9672442003388824,
    1.0113024817068776,
    -0.6973053892215617,
    -3.8393020938071487,
    2.851227830832194,
    3.560654166562557,
    0
  ]
}