{
  "time": [
    0.0,
    3.4333333333333336,
    5.116666666666667,
    13.316666666666666,
    17.46666666666667,
    24.95,
    26.3,
    28.3,
    29.683333333333334,
    33.266666666666666,
    49.18333333333334,
    52.95,
    60.0
  ],
  "total_score": [
    0,
    3,
    10,
    17,
    24,
    27,
    34,
    37,
    44,
    47,
    54,
    61,
    61
  ],
  "raw_prediction": [
    null,
    52.42718446601941,
    117.26384364820845,
    76.59574468085106,
    82.44274809160305,
    64.92985971943888,
    77.56653992395437,
    78.4452296819788,
    88.93879842784952,
    84.76953907815631,
    65.8759742460183,
    69.12181303116148,
    61
  ],
  "sentiment_prediction": [
    null,
    43.95952611085358,
    100.6211057541862,
    68.73705152157969,
    85.3648854961832,
    66.82635270541081,
    76.42999706977406,
    71.52858349599978,
    81.54910473105396,
    86.65801603206413,
    66.46977295831921,
    69.52790368271954,
    61
  ],
  "raw_error": [
    null,
    -8.572815533980588,
    56.26384364820845,
    15.595744680851055,
    21.44274809160305,
    3.9298597194388805,
    16.566539923954366,
    17.4452296819788,
    27.93879842784952,
    23.769539078156313,
    4.875974246018302,
    8.12181303116148,
    0
  ],
  "sentiment_error": [
    null,
    -17.04047388914642,
    39.6211057541862,
    7.737051521579687,
    24.364885496183206,
    5.826352705410812,
    15.42999706977406,
    10.528583495999783,
    20.54910473105396,
    25.658016032064126,
    5.469772958319211,
    8.52790368271954,
    0
  ]
}