{
  "time": [
    0.0,
    5.300000000000001,
    10.833333333333332,
    11.8,
    17.983333333333334,
    22.683333333333334,
    39.43333333333334,
    48.93333333333334,
    60.0
  ],
  "total_score": [
    0,
    3,
    6,
    13,
    20,
    20,
    34,
    41,
    41
  ],
  "raw_prediction": [
    null,
    33.9622641509434,
    33.23076923076923,
    66.10169491525423,
    66.72845227062095,
    52.90227773695812,
    51.73288250211327,
    50.27247956403269,
    41
  ],
  "sentiment_prediction": [
    null,
    27.977061941445562,
    27.862898716994223,
    68.75677966101695,
    59.1420598751524,
    47.11278505784421,
    48.88734767761054,
    48.495719006882155,
    41
  ],
  "raw_error": [
    null,
    -7.037735849056602,
    -7.7692307692307665,
    25.101694915254228,
    25.72845227062095,
    11.90227773695812,
    10.73288250211327,
    9.272479564032693,
    0
  ],
  "sentiment_error": [
    null,
    -13.022938058554438,
    -13.137101283005777,
    27.75677966101695,
    18.1420598751524,
    6.1127850578442064,
    7.887347677610542,
    7.495719006882155,
    0
  ]
}