{
  "time": [
    0.0,
    7.25,
    13.516666666666666,
    18.633333333333333,
    23.766666666666666,
    27.7,
    28.666666666666668,
    29.666666666666668,
    30.0,
    35.46666666666667,
    40.78333333333333,
    43.68333333333333,
    51.61666666666667,
    54.65,
    59.083333333333336,
    60.0
  ],
  "total_score": [
    0,
    7,
    14,
    21,
    28,
    35,
    42,
    49,
    52,
    59,
    62,
    69,
    76,
    83,
    90,
    90
  ],
  "raw_prediction": [
    null,
    57.931034482758626,
    62.14549938347719,
    67.62075134168158,
    70.68723702664798,
    75.81227436823106,
    87.90697674418604,
    99.10112359550563,
    104.0,
    99.81203007518796,
    91.21373109930528,
    94.77298740938573,
    88.34355828220859,
    91.12534309240623,
    91.39633286318758,
    90
  ],
  "sentiment_prediction": [
    null,
    60.477586206896554,
    52.778846015737805,
    69.95178890876565,
    72.82159887798036,
    69.36424234610726,
    79.56488306254303,
    91.91453154468107,
    95.93167293901062,
    101.85263157894737,
    92.67441765427054,
    90.78043110980452,
    88.96073619631902,
    89.50027447392497,
    91.46614950634697,
    90
  ],
  "raw_error": [
    null,
    -32.068965517241374,
    -27.854500616522813,
    -22.379248658318417,
    -19.312762973352022,
    -14.187725631768942,
    -2.0930232558139608,
    9.101123595505626,
    14.0,
    9.812030075187963,
    1.213731099305278,
    4.772987409385735,
    -1.6564417177914095,
    1.1253430924062258,
    1.396332863187581,
    0
  ],
  "sentiment_error": [
    null,
    -29.522413793103446,
    -37.221153984262195,
    -20.04821109123435,
    -17.178401122019636,
    -20.63575765389274,
    -10.435116937456968,
    1.9145315446810685,
    5.931672939010625,
    11.852631578947367,
    2.674417654270542,
    0.7804311098045247,
    -1.0392638036809814,
    -0.4997255260750251,
    1.4661495063469658,
    0
  ]
}