{
  "time": [
    0.0,
    2.083333333333334,
    6.7333333333333325,
    10.766666666666666,
    18.683333333333334,
    21.566666666666666,
    23.933333333333334,
    26.2,
    29.416666666666668,
    29.85,
    43.983333333333334,
    51.1,
    60.0
  ],
  "total_score": [
    0,
    3,
    10,
    17,
    24,
    31,
    38,
    41,
    48,
    55,
    62,
    69,
    69
  ],
  "raw_prediction": [
    null,
    86.39999999999998,
    89.10891089108912,
    94.73684210526316,
    77.07404103479037,
    86.24420401854714,
    95.26462395543174,
    93.89312977099237,
    97.90368271954674,
    110.55276381909547,
    84.5774914740432,
    81.01761252446184,
    69
  ],
  "sentiment_prediction": [
    null,
    73.55985718909635,
    76.24412967316267,
    98.62368421052632,
    79.72774308652987,
    89.00641421947452,
    86.87829260364643,
    96.53778625954197,
    88.89155541400065,
    109.68742373274725,
    85.70636604774535,
    81.61849315068493,
    69
  ],
  "raw_error": [
    null,
    17.399999999999977,
    20.108910891089124,
    25.736842105263165,
    8.074041034790369,
    17.244204018547137,
    26.264623955431745,
    24.893129770992374,
    28.903682719546737,
    41.552763819095475,
    15.5774914740432,
    12.017612524461839,
    0
  ],
  "sentiment_error": [
    null,
    4.559857189096348,
    7.244129673162675,
    29.62368421052632,
    10.72774308652987,
    20.00641421947452,
    17.87829260364643,
    27.537786259541974,
    19.89155541400065,
    40.68742373274725,
    16.706366047745348,
    12.618493150684927,
    0
  ]
}