{
  "time": [
    0.0,
    12.6,
    16.516666666666666,
    26.45,
    30.0,
    42.2,
    53.68333333333334,
    60.0
  ],
  "total_score": [
    0,
    3,
    10,
    17,
    20,
    23,
    31,
    31
  ],
  "raw_prediction": [
    null,
    14.285714285714285,
    36.326942482341074,
    38.5633270321361,
    40.0,
    32.70142180094786,
    34.64762496119217,
    31
  ],
  "sentiment_prediction": [
    null,
    14.85,
    37.643289606458126,
    39.64149338374291,
    37.04963347832858,
    33.18649289099526,
    34.16695565620591,
    31
  ],
  "raw_error": [
    null,
    -16.714285714285715,
    5.3269424823410745,
    7.563327032136101,
    9.0,
    1.7014218009478626,
    3.6476249611921716,
    0
  ],
  "sentiment_error": [
    null,
    -16.15,
    6.643289606458126,
    8.641493383742912,
    6.04963347832858,
    2.186492890995261,
    3.166955656205907,
    0
  ]
}