{
  "time": [
    0.0,
    9.183333333333334,
    13.633333333333333,
    18.6,
    29.966666666666665,
    33.43333333333334,
    38.016666666666666,
    43.233333333333334,
    45.43333333333334,
    50.1,
    58.083333333333336,
    60.0
  ],
  "total_score": [
    0,
    7,
    14,
    14,
    24,
    27,
    34,
    41,
    48,
    56,
    63,
    66
  ],
  "raw_prediction": [
    null,
    45.73502722323049,
    61.613691931540345,
    45.16129032258064,
    48.053392658509466,
    48.45463609172482,
    53.66067514248137,
    56.900539707016186,
    63.38958180484225,
    67.06586826347305,
    65.07890961262554,
    66.0
  ],
  "sentiment_prediction": [
    null,
    47.671778584392015,
    63.994376528117364,
    46.71935483870968,
    44.47350282018712,
    44.50036994154679,
    54.64370889960544,
    57.695566692366995,
    60.69615983183395,
    67.61916167664671,
    65.18285509325682,
    66.0
  ],
  "raw_error": [
    null,
    -20.26497277676951,
    -4.386308068459655,
    -20.83870967741936,
    -17.946607341490534,
    -17.545363908275178,
    -12.339324857518633,
    -9.099460292983814,
    -2.6104181951577488,
    1.0658682634730496,
    -0.9210903873744627,
    0.0
  ],
  "sentiment_error": [
    null,
    -18.328221415607985,
    -2.005623471882636,
    -19.280645161290323,
    -21.52649717981288,
    -21.499630058453207,
    -11.356291100394557,
    -8.304433307633005,
    -5.303840168166047,
    1.619161676646712,
    -0.8171449067431809,
    0.0
  ]
}