{
  "times": [
    7.083333333333333,
    12.533333333333333,
    12.533333333333333,
    12.533333333333333,
    13.216666666666667,
    13.216666666666667,
    13.216666666666667,
    13.216666666666667,
    13.216666666666667,
    13.783333333333333,
    13.783333333333333,
    14.0,
    14.316666666666666,
    14.316666666666666,
    14.316666666666666,
    14.316666666666666,
    14.316666666666666,
    14.316666666666666,
    15.0,
    15.0,
    15.0,
    15.0,
    15.0,
    16.0,
    16.0,
    16.0,
    16.0,
    16.0,
    18.816666666666666,
    18.816666666666666,
    19.383333333333333,
    19.383333333333333,
    19.383333333333333,
    19.383333333333333,
    19.383333333333333,
    19.55
  ],
  "avgs": [
    0.0001950059709514085,
    0.0,
    0.0,
    0.0,
    0.001853431909943493,
    0.004304658097315505,
    0.004304658097315505,
    0.004304658097315505,
    0.0014695762449216051,
    0.0006165769572144801,
    0.0006165769572144801,
    0.0010653165059765091,
    0.0010653165059765091,
    5.556292337688478e-05,
    5.556292337688478e-05,
    0.0003531919549866613,
    0.0003531919549866613,
    0.0003531919549866613,
    0.0003531919549866613,
    0.0,
    0.0,
    0.0,
    0.0,
    0.0010105087702675312,
    0.0010105087702675312,
    0.0010105087702675312,
    0.0010105087702675312,
    1.4773421099506194e-05,
    0.0,
    0.0,
    0.0,
    0.0,
    0.00040797849973570424,
    0.00040797849973570424,
    0.00040797849973570424,
    0.00040797849973570424
  ],
  "worst15": [
    [
      "That is awful",
      0.16628044843673706,
      12.533333333333333
    ],
    [
      "Wtf just happened",
      0.23015539348125458,
      13.216666666666667
    ],
    [
      "undisciplined ass team",
      0.23207660019397736,
      13.216666666666667
    ],
    [
      "Buddy was just chilling and got clobbered",
      0.24030379951000214,
      16.0
    ],
    [
      "Run the fucking ball Gus",
      0.24289317429065704,
      13.783333333333333
    ],
    [
      "So am I in danger tomorrow? We are also on the road",
      0.35272225737571716,
      14.316666666666666
    ],
    [
      "Looool unreal",
      0.38128992915153503,
      13.216666666666667
    ],
    [
      "Holy FUCK",
      0.3834127187728882,
      13.216666666666667
    ],
    [
      "Oh shit",
      0.41868433356285095,
      7.083333333333333
    ],
    [
      "Tell your kids about the Virginia-Indiana college football playoff",
      0.47683078050613403,
      14.0
    ],
    [
      "Finally a decent stop",
      0.4938396215438843,
      16.0
    ],
    [
      "Voters might reward Virginia with 26th after tonight",
      0.6701232194900513,
      19.383333333333333
    ],
    [
      "Gah dam we're taking some hits though sheesh",
      0.8195323348045349,
      18.816666666666666
    ],
    [
      "Well this is interesting",
      0.851120114326477,
      15.0
    ]
  ],
  "best5": [
    [
      "Run the fucking ball Gus",
      0.24289317429065704,
      13.783333333333333
    ],
    [
      "So am I in danger tomorrow? We are also on the road",
      0.35272225737571716,
      14.316666666666666
    ],
    [
      "Looool unreal",
      0.38128992915153503,
      13.216666666666667
    ],
    [
      "Holy FUCK",
      0.3834127187728882,
      13.216666666666667
    ],
    [
      "Oh shit",
      0.41868433356285095,
      7.083333333333333
    ],
    [
      "Tell your kids about the Virginia-Indiana college football playoff",
      0.47683078050613403,
      14.0
    ],
    [
      "Finally a decent stop",
      0.4938396215438843,
      16.0
    ],
    [
      "Voters might reward Virginia with 26th after tonight",
      0.6701232194900513,
      19.383333333333333
    ],
    [
      "Gah dam we're taking some hits though sheesh",
      0.8195323348045349,
      18.816666666666666
    ],
    [
      "Well this is interesting",
      0.851120114326477,
      15.0
    ]
  ]
}